{"Recall":{"es":0.99933687,"pt":0.9942222222,"en":0.9928},"Specifity":{"es":0.9953684211,"pt":0.999001996,"en":0.9984034061},"Precision":{"es":0.9856115108,"pt":0.9982150826,"en":0.9975884244},"Accuracy":{"es":0.9963247044,"pt":0.9972834771,"en":0.9961649089},"f1 score":{"es":0.9924267369,"pt":0.9962146515,"en":0.9951884523}}