{"Recall":{"es":0.9986737401,"pt":0.9928888889,"en":0.9924},"Specifity":{"es":0.9947368421,"pt":0.998752495,"en":0.9981373071},"Precision":{"es":0.9836708034,"pt":0.9977668602,"en":0.9971864952},"Accuracy":{"es":0.9956855225,"pt":0.9966442953,"en":0.995845318},"f1 score":{"es":0.9911154985,"pt":0.995321898,"en":0.99478749}}