{"Recall":{"es":0.9907161804,"pt":0.9937777778,"en":0.9936},"Specifity":{"es":0.9964210526,"pt":0.99500998,"en":0.9981373071},"Precision":{"es":0.9887491727,"pt":0.9911347518,"en":0.9971898836},"Accuracy":{"es":0.9950463407,"pt":0.9945669543,"en":0.9963247044},"f1 score":{"es":0.9897316992,"pt":0.9924545051,"en":0.9953917051}}