{"es": 0.3236236792681329, "pt": 0.3336729548261061, "en": 0.342703365905761}