{"es": 0.32424376498148616, "pt": 0.3334738806089564, "en": 0.34228235440955745}