{"es": 0.3248702054826268, "pt": 0.3332687098177093, "en": 0.34186108469966386}