{"es": 0.323012115954664, "pt": 0.33386843068807637, "en": 0.3431194533572597}