{"Recall":{"es":0.9960212202,"pt":0.9951111111,"en":0.9952},"Specifity":{"es":0.9966315789,"pt":0.997754491,"en":0.998935604},"Precision":{"es":0.9894598155,"pt":0.9959964413,"en":0.9983948636},"Accuracy":{"es":0.9964844998,"pt":0.9968040908,"en":0.9974432726},"f1 score":{"es":0.9927296761,"pt":0.9955535794,"en":0.9967948718}}